id;user_id;username;password;name;email;user_role;last_login;delete_dt;delete_by;create_by;create_dt;upd_by;last_timestp
1;75167;Savings Account Lead Plastic;Awesome Concrete Chair override Concrete;Garden AGP XML;Maegan88@gmail.com;Rubber;2020-06-11T16:43:14;2020-06-12T09:02:07;Tuna gold;Infrastructure Philippines systems;2020-06-11T19:24:15;North Carolina Awesome Steel;2020-06-11T12:38:37
2;64080;Auto Loan Account;Ridges;hard drive;Rosemarie.Brakus@hotmail.com;Chips Chips internet solution;2020-06-11T14:57:24;2020-06-11T18:18:44;payment;Handmade Concrete Chicken;2020-06-12T09:01:00;Kwanza Berkshire deliverables;2020-06-11T14:04:08
3;76320;Sleek compressing;Automotive Liberian Dollar visionary;Response algorithm recontextualize;Trevor16@gmail.com;Home;2020-06-11T18:08:53;2020-06-11T19:33:24;maximized program Cambridgeshire;Cape;2020-06-11T21:43:56;Borders;2020-06-11T11:29:05
4;25135;Chips;JBOD CSS;Manager;Clarabelle_Trantow79@gmail.com;Plastic Universal;2020-06-12T05:34:23;2020-06-11T18:43:07;Infrastructure;deposit;2020-06-12T03:57:30;French Guiana Wooden leading-edge;2020-06-12T05:08:54
5;78347;Gloves Money Market Account;program architect Knoll;utilize;Tressa_Medhurst51@hotmail.com;Customizable;2020-06-11T21:44:39;2020-06-11T13:42:46;lime Fresh clear-thinking;Locks pixel;2020-06-11T13:09:33;invoice Rubber Plastic;2020-06-11T10:20:08
6;16738;Unbranded solid state;Gloves Money Market Account e-business;Walk users;Jaylin.Spinka@hotmail.com;Solomon Islands Dollar Steel;2020-06-11T17:55:27;2020-06-12T05:20:22;Personal Loan Account;lime compress encompassing;2020-06-12T09:50:44;Morocco Manat back-end;2020-06-12T03:52:39
7;7432;Toys AI;HDD RAM Bulgaria;application back up orchestration;Ransom.Hettinger88@yahoo.com;strategic program grow;2020-06-11T18:07:41;2020-06-12T09:14:35;connecting Handmade;system engine Savings Account;2020-06-12T08:18:58;Jewelery;2020-06-12T03:41:31
8;83235;benchmark Mobility;parse Kip success;Optimized relationships Dobra;Toni97@yahoo.com;RAM;2020-06-12T05:13:28;2020-06-12T09:37:59;Reduced Marketing azure;Incredible Wooden Shoes;2020-06-11T10:51:39;backing up Illinois Quality-focused;2020-06-11T20:07:22
9;50530;Group Cotton;Savings Account engage Money Market Account;grow Savings Account Czech Koruna;Ora34@gmail.com;time-frame magenta;2020-06-12T00:31:26;2020-06-11T14:42:34;Centralized Uganda holistic;enable;2020-06-12T01:29:20;North Carolina Licensed;2020-06-11T22:31:17
10;43809;ROI Group;XSS Books;Barbados quantify challenge;Jackeline51@gmail.com;XML Bacon backing up;2020-06-11T15:04:01;2020-06-12T08:42:18;efficient cyan;Accountability Jersey incentivize;2020-06-11T20:48:50;payment;2020-06-11T21:02:29
